Top pages,Clicks,Impressions,CTR,Position
https://upliftdental.com/,134,12659,1.06%,18.73
http://upliftdental.com/,95,2611,3.64%,6.81
https://upliftdental.com/about,58,8471,0.68%,39.95
https://upliftdental.com/periodontics,26,3388,0.77%,45.23
https://upliftdental.com/endodontics,18,567,3.17%,16.37
https://upliftdental.com/team/,14,3276,0.43%,39.52
https://upliftdental.com/orthodontics,7,1708,0.41%,16.82
https://upliftdental.com/blog/a-deep-dive-into-dental-hygiene-floss-vs-water-pick,3,666,0.45%,11.06
https://upliftdental.com/emergency-dentist,2,753,0.27%,21.66
https://upliftdental.com/dental-implants,2,522,0.38%,10.05
https://upliftdental.com/special-dental-offers-garden-grove/,2,441,0.45%,24.71
https://upliftdental.com/dentures,2,226,0.88%,21.88
https://upliftdental.com/teeth-cleaning,2,146,1.37%,30.37
https://upliftdental.com/special-offers,2,114,1.75%,17.32
https://upliftdental.com/blog/what-are-the-differences-between-dental-insurance-plans,1,4218,0.02%,21.69
https://upliftdental.com/contact,1,1615,0.06%,14.09
https://upliftdental.com/services,1,1229,0.08%,33.48
https://upliftdental.com/dentist-near-long-beach,1,863,0.12%,25.63
https://upliftdental.com/insurance-financing,1,847,0.12%,22.09
https://upliftdental.com/contact/,1,562,0.18%,21.74
https://upliftdental.com/blog/fluoride-vs-hydroxyapatite-which-is-best-for-your-childs-dental-health,1,314,0.32%,12.6
https://upliftdental.com/membership-plan,1,235,0.43%,5.47
https://upliftdental.com/blog/braces-vs-invisalign-which-is-better-for-your-teen,1,175,0.57%,12.57
https://upliftdental.com/dental-crowns,1,122,0.82%,10.55
https://upliftdental.com/patient-portal,1,102,0.98%,10.57
https://upliftdental.com/dentures/,1,101,0.99%,34.52
https://upliftdental.com/wisdom-teeth-removal,1,81,1.23%,7.51
https://upliftdental.com/blog/get-started-the-benefits-of-early-intervention-with-invisalign,1,81,1.23%,9.01
https://upliftdental.com/what-are-the-differences-between-dental-insurance-plans/,0,840,0%,38.41
https://upliftdental.com/dentist-near-rossmoor,0,679,0%,4.23
https://upliftdental.com/blog/oral-health-and-overall-wellness-why-seniors-need-regular-dental-checkups,0,397,0%,11.62
https://upliftdental.com/community-outreach,0,390,0%,13.93
https://upliftdental.com/teeth-whitening,0,377,0%,24.13
https://upliftdental.com/teeth-whitening/,0,363,0%,35.54
https://upliftdental.com/dentist-near-cypress,0,286,0%,13.42
https://upliftdental.com/membership-plans/,0,214,0%,10.14
https://upliftdental.com/dental-cleaning/,0,186,0%,22.77
https://upliftdental.com/financing-and-insurance-information/,0,174,0%,11.34
https://upliftdental.com/blog/effective-tmj-treatment-options,0,135,0%,18.93
https://upliftdental.com/locations/belmont-shore/,0,121,0%,8.17
https://upliftdental.com/dental-bonding,0,121,0%,29.41
https://upliftdental.com/general-dentistry/,0,114,0%,11.53
https://upliftdental.com/dental-bridges/,0,109,0%,12.55
https://upliftdental.com/dentist-near-westminster,0,95,0%,6.95
https://upliftdental.com/Home,0,92,0%,19.27
https://upliftdental.com/privacy-policy,0,85,0%,12.05
https://upliftdental.com/accessibility,0,73,0%,12.56
https://upliftdental.com/invisalign-seal-beach,0,61,0%,7.85
https://upliftdental.com/dentist-near-stanton,0,61,0%,11.2
https://upliftdental.com/dentist-near-huntington-beach,0,55,0%,15.85
https://upliftdental.com/veneers,0,55,0%,16.07
https://upliftdental.com/dental-fillings,0,55,0%,21.2
https://upliftdental.com/terms-of-service,0,54,0%,13.87
https://upliftdental.com/blog/holistic-dentistry-natural-remedies,0,48,0%,15.6
https://upliftdental.com/get-started-the-benefits-of-early-intervention-with-invisalign/,0,43,0%,8.35
https://upliftdental.com/dentofacial-orthopedics/,0,43,0%,9.7
https://upliftdental.com/blog/how-to-choose-the-best-dentist-in-garden-grove-ca,0,42,0%,9.43
https://upliftdental.com/dentist-near-los-alamitos,0,34,0%,12.71
https://upliftdental.com/blog/everything-you-need-to-know-about-teeth-whitening,0,31,0%,17.23
https://upliftdental.com/announcements/,0,26,0%,15.62
https://upliftdental.com/braces/,0,22,0%,24.45
https://upliftdental.com/blog/its-too-early-for-braces-or-is-it,0,21,0%,7.43
https://upliftdental.com/blog/in-office-teeth-whitening-garden-grove,0,21,0%,28.19
https://upliftdental.com/blog/,0,20,0%,30.3
https://upliftdental.com/clear-aligners/,0,19,0%,14.16
https://upliftdental.com/blog/3-tricks-to-make-flossing-with-braces-easier,0,18,0%,6.56
https://upliftdental.com/privacy-policy/,0,18,0%,11.78
https://upliftdental.com/dentist-near-buena-park,0,18,0%,20.28
https://upliftdental.com/blog/do-i-really-need-to-floss-a-dentist-answers-your-top-questions,0,16,0%,23.44
https://upliftdental.com/dentist-near-seal-beach,0,14,0%,16.93
https://upliftdental.com/dental-implants/,0,13,0%,12.46
https://upliftdental.com/dentist-near-anaheim,0,13,0%,13.38
https://upliftdental.com/results/,0,13,0%,13.85
https://upliftdental.com/oral-health-and-overall-wellness-why-seniors-need-regular-dental-checkups/,0,13,0%,15.54
http://upliftdental.com/dental-bonding,0,11,0%,6.91
https://upliftdental.com/terms-and-conditions-of-use/,0,11,0%,30.36
https://upliftdental.com/blog/tips-for-optimal-braces-care,0,10,0%,6.8
http://upliftdental.com/teeth-cleaning,0,10,0%,35.3
https://upliftdental.com/blog/what-happens-during-your-professional-dental-cleaning,0,9,0%,7.56
https://upliftdental.com/dental-crowns/,0,9,0%,16.78
https://upliftdental.com/blog/the-complete-guide-to-invisalign-what-to-expect-from-start-to-finish,0,8,0%,5.38
https://upliftdental.com/tooth-extraction/,0,8,0%,11
https://upliftdental.com/blog/understanding-gum-disease-stages,0,8,0%,12.25
http://www.upliftdental.com/,0,7,0%,1.14
https://emergency.upliftdental.com/,0,7,0%,1.57
https://upliftdental.com/blog/dental-implants-vs-dentures-which-is-right-for-you,0,6,0%,4.17
https://upliftdental.com/blog/emergency-dentist-garden-grove,0,6,0%,5.67
http://upliftdental.com/veneers,0,6,0%,12.83
https://upliftdental.com/dentist-near-garden-grove,0,6,0%,21.67
https://upliftdental.com/smile-assessment,0,5,0%,8.6
https://upliftdental.com/orthodontic-treatments/,0,5,0%,35
https://upliftdental.com/blog/the-benefits-of-dental-implants-a-permanent-solution-for-missing-teeth,0,4,0%,3
https://upliftdental.com/blog/invisalign-complete-guide-2026,0,4,0%,5
https://upliftdental.com/our-specialists,0,4,0%,6
https://upliftdental.com/blog/denti-cal-dentist-near-westminster-garden-grove,0,4,0%,8.25
https://upliftdental.com/blog/the-compassionate-provider,0,4,0%,8.25
https://upliftdental.com/blog/a-parents-guide-to-your-childs-first-dental-visit,0,4,0%,8.75
https://upliftdental.com/blog/i-want-whiter-teeth,0,4,0%,13.5
https://upliftdental.com/blog/what-are-dental-veneers-and-are-they-right-for-you,0,3,0%,6.67
https://upliftdental.com/blog/dental-emergency-away-from-home,0,3,0%,8
https://upliftdental.com/blog/are-clear-aligners-better-than-braces,0,3,0%,10.33
http://upliftdental.com/dental-fillings,0,3,0%,11
http://upliftdental.com/wisdom-teeth-removal,0,3,0%,15
https://upliftdental.com/blog/cosmetic-dentistry-5-ways-to-transform-your-smile,0,2,0%,5.5
https://upliftdental.com/blog/7-tips-to-keep-your-kids-teeth-healthy-and-cavity-free,0,2,0%,20
https://upliftdental.com/blog/new-year-new-smile-setting-dental-health-goals-for-the-year-ahead,0,1,0%,5
https://upliftdental.com/faq/,0,1,0%,9
https://www.upliftdental.com/,0,1,0%,9
https://upliftdental.com/invisalign,0,1,0%,11
https://upliftdental.com/blog/tmj-disorder-causes-symptoms-and-treatment-options,0,1,0%,28