Top queries,Clicks,Impressions,CTR,Position
uplift dental,79,402,19.65%,1.21
uplift dental and orthodontics,31,150,20.67%,1.22
daniel ghobrial,9,96,9.38%,6.16
dr clark schneekluth,2,224,0.89%,10.71
orthodontist,2,51,3.92%,8.96
uplift dental & orthodontics,2,21,9.52%,1
best orthodontist for braces near me,2,4,50%,12.5
uplift,1,426,0.23%,3.97
dr stefan dentist,1,5,20%,9
netra dudhbhate,1,5,20%,15.6
braces dentist near me,1,4,25%,3.25
schneekluth,1,3,33.33%,2.67
3d printed dentures near me,1,2,50%,15.5
dentist for braces,1,1,100%,1
orthodontist near me free consultation,1,1,100%,1
what is the cross street,1,1,100%,1
emergency,1,1,100%,2
dentist in garden grove,0,956,0%,16.25
periodontist near me,0,325,0%,10.34
types of dental insurance,0,322,0%,31.35
garden city orthodontist,0,291,0%,59.85
type of dental insurance,0,256,0%,25.06
best dentist in garden grove,0,250,0%,23.64
dentist near me,0,247,0%,12.69
dentist accepting insurance garden grove,0,240,0%,10.57
invisalign rossmoor,0,227,0%,3.38
managed dental care vs ppo,0,194,0%,37.42
prepaid dental plan vs ppo,0,191,0%,37.77
low cost dentist in garden grove,0,186,0%,17.72
ppo vs managed dental care,0,184,0%,37.57
dental implants garden grove ca,0,182,0%,13.71
dental pdp vs ppo,0,177,0%,43.71
dr joseph harberg,0,174,0%,49.27
pleasant grove orthodontist,0,174,0%,49.67
dentist garden grove,0,163,0%,18.74
dental financing roseville,0,163,0%,53.26
garden city orthodontics,0,156,0%,60.37
how often should seniors have dental checkups house call,0,146,0%,13.92
dental fillings garden grove ca,0,139,0%,6.14
garden grove dentist,0,137,0%,15.85
teeth whitening garden grove ca,0,131,0%,13.06
dentist,0,129,0%,12.6
invisalign cypress ca,0,129,0%,12.79
teeth cleaning cost garden grove,0,129,0%,20.65
periodontal treatment near me,0,123,0%,65.6
canoga park orthodontist,0,118,0%,67.42
braces garden grove ca,0,116,0%,4.34
emergency dentist garden grove,0,113,0%,13.64
gum disease treatment garden grove ca,0,112,0%,8.39
dental implants garden grove,0,111,0%,19.68
rose hills orthodontist,0,108,0%,33.66
dr engstrom selma ca,0,108,0%,63.22
adult braces rossmoor,0,107,0%,4.43
difference between dental plan and dental insurance,0,105,0%,25.31
how often should seniors have dental checkups,0,104,0%,9.67
rossmoor ca invisalign,0,103,0%,2.54
root canal treatment garden grove ca,0,103,0%,15.43
invisalign in garden grove,0,103,0%,22.04
professional teeth whitening,0,103,0%,58.76
gum specialist near me,0,102,0%,50.87
teeth whitening cost garden grove,0,101,0%,4.09
orthodontist rossmoor,0,101,0%,5.65
dental cleaning garden grove ca,0,100,0%,15.83
best periodontist near me,0,100,0%,77.6
dentist near garden grove ca,0,99,0%,25.32
orthodontist garden grove,0,98,0%,9.42
dental exam garden grove ca,0,98,0%,18.05
dr graff orthodontist,0,98,0%,64.99
dr. robert gire,0,95,0%,28.76
pleasant grove orthodontics,0,94,0%,41.26
emergency dentist garden grove ca,0,93,0%,7.67
braces $99 per month near me,0,92,0%,25.5
why is dental insurance separate,0,87,0%,36.82
traditional payment plans vs dental card,0,86,0%,32.78
dr farighi dentist,0,86,0%,40.55
dental plan vs dental insurance,0,85,0%,27.16
dr poidmore,0,85,0%,61.76
dental,0,82,0%,7.87
invisalign,0,81,0%,8.63
periodontics near me,0,81,0%,17.2
paolo poidmore,0,81,0%,55.35
dr graf ortho,0,80,0%,70.54
facelift dentistry moraga,0,78,0%,55.4
periodontal services,0,77,0%,65.4
dental clinic garden grove,0,76,0%,17.07
gum grafting near me,0,76,0%,78.28
general dentistry los feliz,0,75,0%,57.51
teeth whitening garden grove,0,74,0%,16.61
oral surgeon garden grove ca,0,74,0%,27.22
benjamin pourmorady,0,74,0%,31.73
root canal garden grove,0,73,0%,25.75
periodontitis near me,0,72,0%,64.12
dentist view heights,0,72,0%,70.75
dental implants rossmoor,0,71,0%,3.68
garden grove dentists,0,69,0%,18.09
different types of dental insurance,0,69,0%,33.62
rose hills braces,0,69,0%,34.9
dental implants in garden grove,0,66,0%,24.2
affordable dentist garden grove,0,61,0%,12.72
dr dave goldwyn jequinto,0,61,0%,16.38
dental cleaning cost garden grove,0,61,0%,21.57
emergency dentist garden city,0,61,0%,31.89
periodontal specialist near me,0,61,0%,83.36
braces near me,0,60,0%,19.35
facelift dentistry los angeles,0,60,0%,64.05
best dentist garden city,0,60,0%,64.23
jeffrey thompson orthodontics,0,60,0%,74.85
invisalign dentists cypress ca,0,59,0%,19.56
oral surgeon garden grove,0,59,0%,28.56
prosthodontist moraga,0,59,0%,60.51
yan kalika orthodontist,0,59,0%,79.8
dental insurance vs dental plan,0,58,0%,27.88
teeth whitening garden city,0,58,0%,29.79
"dentist vandenberg space force base, ca",0,58,0%,72.16
dentist in garden city,0,57,0%,86.21
orthodontist near me,0,56,0%,4.2
periodontal dentist near me,0,56,0%,73.82
dental financing hughson,0,55,0%,45.44
"general dentist vandenberg space force base, ca",0,55,0%,65.31
dental implants near me,0,54,0%,9.98
"periodontist vandenberg space force base, ca",0,54,0%,48.5
dr tate dentist,0,53,0%,40.13
periodontist specialist near me,0,52,0%,79.65
dr gordon kilmer,0,51,0%,16.67
perio surgery near me,0,50,0%,67.08
dentist accepts insurance garden grove,0,49,0%,6.04
dental implant specialist garden grove ca,0,49,0%,8.22
dentist that accepts insurance garden grove,0,49,0%,8.57
dental fillings in boyle heights ca,0,49,0%,43.37
orthodontics in boyle heights ca,0,49,0%,59.27
garden grove orthodontist,0,48,0%,10.04
general dentist elysian heights ca,0,46,0%,76
orthodontist rossmoor ca,0,45,0%,7.31
invisalign cypress,0,45,0%,9.22
dentist belmont heights,0,45,0%,10.24
straight teeth cypress ca,0,45,0%,12.96
long beach tooth extractions,0,45,0%,41.16
periodontal therapy near me,0,45,0%,73.71
best dentists in belmont shore,0,44,0%,13.89
dr robert hezarjeribi,0,44,0%,17.48
best dentist garden grove,0,44,0%,24.36
periodontist near rosamond ca,0,43,0%,44.14
oral surgeon freedom ca,0,43,0%,85.86
periodontist shafter ca,0,42,0%,50.79
garden city teeth whitening,0,42,0%,52.29
dr manreet grewal,0,41,0%,21.61
facelift garden grove,0,41,0%,42.41
tooth extraction long beach,0,41,0%,46.46
tooth extractions in long beach,0,41,0%,59.2
belmont heights dentist,0,39,0%,10.21
best dentist belmont shore,0,39,0%,15.74
dentist garden grove ca,0,39,0%,18.95
dental insurance types,0,39,0%,31.21
dr kendall woolridge,0,38,0%,17.61
hazem yousef,0,38,0%,29.74
gum specialist east bay,0,38,0%,47.11
playa del rey orthodontist,0,37,0%,59.84
dr amir dehghan,0,36,0%,22.94
dr. benjamin pourmorady,0,36,0%,28.03
dental emergency in garden city,0,36,0%,34.61
lift dental,0,36,0%,39.61
dr rafati orthodontics,0,36,0%,47.5
periodontist freedom ca,0,36,0%,47.58
root canal dentist in boyle heights ca,0,36,0%,66.08
garden city tooth extractions,0,36,0%,89.67
up dental,0,35,0%,6.57
advanced tmj treatment options,0,35,0%,15.6
long beach prosthodontist,0,35,0%,37.29
garden city dental bonding,0,35,0%,42.11
orthodontist taft ca,0,35,0%,54.29
joseph cassara dds,0,35,0%,54.31
dr youssef dentist,0,33,0%,13.09
dental bonding garden city,0,33,0%,18.79
major vs basic dental insurance,0,33,0%,28.27
belmont shore dentist,0,32,0%,6.5
teeth in a day huntington beach ca,0,32,0%,12.84
dental membership plans vs insurance,0,32,0%,26.78
gum specialist moraga,0,32,0%,34.72
gum specialist orinda,0,32,0%,52.69
periodontists near me,0,32,0%,72.19
prosthodontist long beach,0,31,0%,35.26
what is dental buy up,0,31,0%,45.16
dr yan kalika,0,31,0%,78.39
dentist in garden grove ca,0,30,0%,21.2
alternatives to gum surgery moraga,0,30,0%,72.43
dentist garden city,0,30,0%,80.4
dental orthodontists cypress,0,29,0%,1
orthodontist cypress,0,29,0%,2.24
3d printed dentures elmhurst,0,29,0%,14.86
invisalign teen vs braces,0,29,0%,15.9
tmj correction options,0,29,0%,19.52
adult braces orange,0,29,0%,23.72
orthodontist garden city,0,29,0%,52.24
periodontist signal hill,0,29,0%,62.03
invisalign garden city,0,29,0%,74.31
dentist belmont shore,0,28,0%,6.75
types of dental plans,0,28,0%,27.82
periodontist,0,28,0%,46.07
playa del rey dentist,0,28,0%,58.18
orthodontist marina del rey,0,28,0%,66.07
adult braces cypress,0,27,0%,1
dr jee hoon ha,0,27,0%,18.81
periodontist orangevale,0,27,0%,33.67
alternatives to gum surgery east bay,0,27,0%,55
braces garden city,0,27,0%,70.48
clark county dental implants,0,27,0%,74.52
uplift dental and orthodontics reviews,0,26,0%,2.85
dr julie stefan,0,26,0%,10.31
straight teeth cypress,0,26,0%,15.96
dr d'ascoli,0,26,0%,54.04
gum specialist los angeles,0,26,0%,64.31
dr. raha yousefi,0,26,0%,75
oral surgery freedom ca,0,26,0%,92.04
best dentists in belmont heights,0,25,0%,19.64
types of dental insurance plans,0,25,0%,24.72
periodontal dentist yreka,0,25,0%,38.12
sima rafati,0,25,0%,45.32
periodontics services,0,25,0%,52
periodontal consultation near me,0,25,0%,80
dental orthodontists cypress ca,0,24,0%,1.83
dental near me,0,24,0%,8.25
comprehensive vs basic dental insurance plans comparison,0,24,0%,12.46
dental plans vs. ehealth,0,24,0%,20.96
dr joseph roggi,0,24,0%,24.33
best dentist in garden grove ca,0,24,0%,36.17
gum specialist marina del rey,0,24,0%,41.54
dental repair alturas,0,24,0%,42.12
long beach restorative dentist,0,24,0%,44.38
guy levi dentist,0,24,0%,61.12
best dentist in alturas,0,24,0%,65.75
oral surgeon watsonville,0,24,0%,71.25
dental bridge vs implant garden grove,0,23,0%,7.04
"i live in san francisco, ca and i am looking for dental care. can you 
recommend some cosmetic dentistry brands that provide the best payment 
plans? for each brand, give me pros and cons in the context of payment 
plans.",0,23,0%,9.52
periodontist garden city,0,23,0%,16.35
best dentist belmont heights,0,23,0%,16.52
what is a prepaid dental plan,0,23,0%,24.91
community pediatric dentistry outreach,0,23,0%,34.35
periodontist citrus heights ca,0,23,0%,53.87
dental membership plan sacramento ca,0,23,0%,64.09
tang orthodontist,0,23,0%,77.3
el dorado hills dental insurance,0,23,0%,87.65
dental office,0,22,0%,8.82
breast lift garden grove,0,22,0%,21.27
community pediatric dental outreach,0,22,0%,37
braces orange county,0,22,0%,39.95
periodontist cherry hill,0,22,0%,42.86
combination dental plan,0,22,0%,58.32
dentist in alturas,0,22,0%,61.18
emergency tooth repair roseville,0,22,0%,62.36
dentist playa del rey,0,22,0%,67.23
dental implants in boyle heights,0,22,0%,68.23
dr mina girgis,0,21,0%,18.24
david ganji,0,21,0%,21.9
wisdom teeth removal garden grove,0,21,0%,23.43
emergency dental treatment garden city,0,21,0%,34
periodontal treatment moraga,0,21,0%,36.24
dppo vs ppo,0,21,0%,59.95
dr. brian goo,0,21,0%,65.29
printed dentures elmhurst,0,20,0%,26.25
emergency dentist near hollister,0,20,0%,29.75
braces taft ca,0,20,0%,50.75
hacienda heights braces,0,20,0%,52.85
dental+emergencies+blackhawk+ca,0,20,0%,59.95
gum surgery east bay,0,20,0%,62
dentists playa del rey,0,20,0%,63.2
garden city tooth implants,0,20,0%,80.65
"evaluate the orthodontic services company elleven dental on invisalign for 
teens",0,19,0%,2.74
tooth extraction in stanton ca,0,19,0%,9.26
dentures near me,0,19,0%,10.68
dental bonding near garden grove,0,19,0%,10.89
dental garden grove,0,19,0%,14.05
emergency dentist in westminster,0,19,0%,37.68
gum surgery moraga,0,19,0%,43.32
elevated gp,0,19,0%,48.89
layan suleiman,0,19,0%,61.63
boyle heights dentist,0,19,0%,62.53
pelsue orthodontics,0,19,0%,67.74
dr gurries,0,19,0%,82.11
dentist in playa del rey,0,19,0%,84.89
dental care treatment comparison,0,18,0%,14.17
teeth cleaning garden grove,0,18,0%,15.06
dr rita lui,0,18,0%,17.61
veneers in garden grove,0,18,0%,18.61
dr. lilley gharavi,0,18,0%,52.78
computer aided dental implants willow grove,0,18,0%,52.94
freytag orthodontics,0,18,0%,57.11
emergency dentistry in garden city,0,18,0%,58.83
dr graff ortho,0,18,0%,62.61
dr jelic,0,18,0%,66.78
dr. jeron winslow,0,18,0%,68.83
dr gurries san francisco,0,18,0%,81.5
dental in garden grove,0,17,0%,14.76
invisalign los alamitos ca,0,17,0%,15.65
garden grove dental,0,17,0%,17.47
invisalign los alamitos,0,17,0%,19.76
invisalign near me,0,17,0%,30.06
compare dental insurance plan types,0,17,0%,32.12
periodondist woodbridge,0,17,0%,41.41
dentist shafter,0,17,0%,54
what are the differences in coverage between dental insurance plans?,0,16,0%,5.75
dental clinic,0,16,0%,6
same day dental crowns garden grove,0,16,0%,7.31
major dental care vs orthodontia,0,16,0%,11.19
dr rafi rafiee,0,16,0%,19.44
dental insurance and dental plans,0,16,0%,20.94
invisalign before and after cypress ca,0,16,0%,26
long beach tooth extraction,0,16,0%,41
what kind of dental insurance do i have,0,16,0%,47.81
gum doctor near me,0,16,0%,49.31
dr. page mansourian,0,16,0%,49.5
dr. drew ferris,0,16,0%,60.38
gum disease treatment moraga,0,16,0%,62
timely dental care garden city,0,16,0%,76.44
dr hillel well,0,15,0%,17.47
dr nalini jokmels,0,15,0%,18
dr alejandro urdaneta,0,15,0%,19.07
dental insurance options,0,15,0%,19.27
differences between humana dental plans,0,15,0%,19.73
dental care garden grove,0,15,0%,23
invisalign before and after cypress,0,15,0%,26.33
teeth whitening service,0,15,0%,44.13
oral surgeon buena park ca,0,15,0%,48.73
periodontist vandenberg village,0,15,0%,50.13
periodontist accepting new patients,0,15,0%,61.8
in-office teeth whitening summer,0,15,0%,65.4
gum disease dentist near me,0,15,0%,69.53
dental flossophy,0,15,0%,82.67
restorative dentist elysian heights ca,0,15,0%,83.6
gum recession treatment moraga,0,15,0%,83.93
best root canal specialist in mountain view,0,15,0%,92.8
invisalign in westminster ca,0,14,0%,5.36
tooth clinic garden grove,0,14,0%,9.21
clear aligners in stanton ca,0,14,0%,9.79
dr ariga abrahamian,0,14,0%,12.21
dental nap vs value plan,0,14,0%,22.86
types of dental coverage,0,14,0%,38.71
periodontist watsonville ca,0,14,0%,41.64
dental exam long beach,0,14,0%,44.07
garden city root canals,0,14,0%,48.86
enhanced dental plan,0,14,0%,49.29
cosmetic dentist los feliz ca,0,14,0%,56.07
tooth whitening service,0,14,0%,60.64
best implant dentist alturas,0,14,0%,78.29
dentist near me accepting new patients,0,13,0%,8.69
wisdom teeth removal garden grove ca,0,13,0%,11.38
dr guichet,0,13,0%,20.69
is dental insurance the same as health insurance,0,13,0%,21.77
root canals cambria,0,13,0%,23.77
preferred dental plan,0,13,0%,28.69
dr atef hana,0,13,0%,41.54
periodontists and oral surgeons it support,0,13,0%,46
dr guitta harb,0,13,0%,49.46
dr. lilley gharavi laguna niguel ca,0,13,0%,50.54
dr. girgis bellflower,0,13,0%,56.38
vitagliano orthodontics,0,13,0%,57
san gabriel orthodontist,0,13,0%,63.85
periodontal care near me,0,13,0%,66.46
dr carvalho dentist,0,13,0%,67.92
dr graf orthodontics,0,13,0%,70.46
garden city invisalign,0,13,0%,71.38
dental financing chico,0,13,0%,76.15
olivia cajulis dentist sherman oaks,0,13,0%,86.69
same-day crowns westminster ca,0,12,0%,5.17
dentist supervised teeth whitening,0,12,0%,8.92
dr hanseul park,0,12,0%,14.75
braces vs invisalign for teens,0,12,0%,18.33
orthodontics near me,0,12,0%,18.42
family dental clinic garden grove,0,12,0%,23.25
periodontal therapy maple grove,0,12,0%,31.83
cosmetic periodontist,0,12,0%,34
union dental garden grove office,0,12,0%,34.92
jiafeng gu,0,12,0%,41.58
is medical and dental insurance the same,0,12,0%,44.42
dr gange orthodontist,0,12,0%,70.33
dental repair services near me,0,12,0%,74.5
orthodontics,0,11,0%,1
joseph youssef do,0,11,0%,6.09
"i live in san jose, ca and i am looking for dental care. can you recommend 
some cosmetic dentistry brands that provide the best payment plans? for 
each brand, give me pros and cons in the context of payment plans.",0,11,0%,9.91
"do specialty dental clinics in san bernardino accept insurance and offer 
implant financing options? info organic",0,11,0%,11.36
garden grove dental and orthodontics,0,11,0%,14.27
emergency dentist east porterville ca,0,11,0%,14.91
invisalign in cypress,0,11,0%,15.82
dr. roselyn oji,0,11,0%,16.36
dr don solooki,0,11,0%,19
enviable gums,0,11,0%,19.91
braces 99 a month,0,11,0%,27.73
delta dental vs. dental plans,0,11,0%,29.18
dr grud,0,11,0%,33.36
basic dental care vs major dental care,0,11,0%,35.55
emergency dentist westminster,0,11,0%,36.82
what is a buy up dental plan,0,11,0%,39.73
dr joseph vitagliano,0,11,0%,42.91
tooth-colored fillings for adults,0,11,0%,50.36
gum disease treatment marina del rey,0,11,0%,52.55
teeth cleaning buena park,0,11,0%,57.27
montano elevated orthodontics,0,11,0%,61.36
invisalign dentist los feliz ca,0,11,0%,63.73
cosmetic dentures,0,11,0%,71
orthodontist that accepts blue shield of california,0,11,0%,72.09
joseph harberg dds,0,11,0%,73.36
dr joel glicksman,0,11,0%,78.82
"cosmetic dentist vandenberg space force base, ca",0,11,0%,85.64
periodontist gum graft near me,0,11,0%,90.18
tooth extractions in boyle heights ca,0,11,0%,90.73
dr josh ratcliff,0,10,0%,6.6
dental crown procedure garden grove,0,10,0%,6.7
uplift family dentistry,0,10,0%,10.4
endodontist garden grove,0,10,0%,22.2
importance of dental visits for seniors,0,10,0%,32.6
emergency dentist garden ridge,0,10,0%,33.7
berfin jacobs,0,10,0%,36.9
emergency dentist bellflower,0,10,0%,38.3
lifted dentistry,0,10,0%,38.4
wisdom tooth removal long beach,0,10,0%,41
tooth extractions long beach,0,10,0%,42.2
dr efstathios giannoutsos,0,10,0%,43
brookfield root canal,0,10,0%,49.2
dental enhanced plan,0,10,0%,49.7
dr sepic,0,10,0%,50.7
gum specialist hayward,0,10,0%,50.8
braces wasco ca,0,10,0%,55.3
gechoff orthodontics,0,10,0%,55.6
restorative dentist alturas,0,10,0%,56.8
dental services repair near me,0,10,0%,61.1
invisalign los feliz los feliz ca,0,10,0%,64
periodontist accepting new patients near me,0,10,0%,82.8
orthodontist itasca,0,10,0%,91.2
"platinum dental cherry financing volume or ""$800,000"" or ""800k""",0,9,0%,6.33
garden grove dental & orthodontics,0,9,0%,7.33
root canal specialist near garden grove,0,9,0%,7.56
dr. raha baghbanian,0,9,0%,13.89
the type of dental plan which is incorporated,0,9,0%,16.44
dental plan software vs insurance,0,9,0%,18.22
tmj dental treatment options,0,9,0%,20.22
dental plan coverage,0,9,0%,25.67
is a dental plan better than dental insurance,0,9,0%,31.67
garden city teeth bonding,0,9,0%,32.44
gum surgery near me,0,9,0%,38
barry kami,0,9,0%,41.78
same day dental appointments bellflower,0,9,0%,43.22
best dentist shafter,0,9,0%,47.89
dr emma garden city,0,9,0%,51.67
best periodontist los angeles,0,9,0%,54
periodontist california,0,9,0%,54.56
orthodontist in buena park,0,9,0%,57.33
dentist incline village,0,9,0%,61.78
periodontist east bay,0,9,0%,62.44
dr curry leavitt,0,9,0%,64
isaac sun dds,0,9,0%,66.89
alternatives to gum surgery orinda,0,9,0%,69.89
dr rolfes dentist,0,9,0%,70.44
garden city dental implants,0,9,0%,70.67
dentist in hawaiian gardens ca,0,9,0%,70.78
dentist in boyle heights ca,0,9,0%,71.11
professional periodontics and implant services,0,9,0%,75.56
gum grafts hawthorne ca,0,9,0%,76.67
dental implants near garden city,0,9,0%,80
yelizar,0,9,0%,80.33
del mar heights restorative dentist,0,9,0%,91.78
orthodontic,0,8,0%,1.12
clear braces,0,8,0%,1.62
"i live in los angeles, ca and i am looking for dental care. can you 
recommend some cosmetic dentistry brands that provide the best payment 
plans? for each brand, give me pros and cons in the context of payment 
plans.",0,8,0%,8.62
tmj specialist garden grove ca,0,8,0%,9.62
top dental in 92845,0,8,0%,13.25
ariga sarkissian,0,8,0%,16.5
teeth whitening near me,0,8,0%,19.5
trust implants,0,8,0%,26.12
tooth extraction cypress ca,0,8,0%,28.5
dental plan vs insurance,0,8,0%,29.88
vitalae dental care garden grove,0,8,0%,29.88
gevorg karayan,0,8,0%,30.12
orthodontist garden grove ca,0,8,0%,31
kaz rafia,0,8,0%,31.88
goodlife orthodontics,0,8,0%,40.5
dental membership plans vs. traditional insurance,0,8,0%,40.88
dr trosien,0,8,0%,51.38
dr guelff,0,8,0%,52.38
bryan foote,0,8,0%,52.62
choosing between separate or bundled dental plans,0,8,0%,56.38
dr luff,0,8,0%,57.88
dr hoybjerg,0,8,0%,59.88
dentist los feliz,0,8,0%,60.12
dr sho izumi,0,8,0%,64.12
dr rigo martin dds,0,8,0%,65
clear braces garden city,0,8,0%,67.5
orthodontics emeryville,0,8,0%,69.75
kids braces,0,7,0%,1
alternative to braces near me,0,7,0%,1.14
yes,0,7,0%,2.29
clear aligners near me,0,7,0%,5
"platinum dental cherry financing or ""case coach""",0,7,0%,7
where to compare dental treatment bundles with orthodontics?,0,7,0%,11
dr dean lambridis,0,7,0%,16.43
rakan fawakhiri,0,7,0%,16.71
dr dana ghorab,0,7,0%,18
dr laura nadafi,0,7,0%,18.71
pdp plus vs ppo,0,7,0%,20.29
garden grove dental care,0,7,0%,20.43
what's the difference between dental insurance and dental plans,0,7,0%,22.43
dr donna lieu,0,7,0%,26.43
clear aligners,0,7,0%,26.71
dental implants rose garden,0,7,0%,31.57
dental services near oak view,0,7,0%,33.86
orthodontist in garden city,0,7,0%,43.86
garrett rubio dds,0,7,0%,44.14
top ca garden grove dental,0,7,0%,45.43
dr tawfilis,0,7,0%,47.14
oral surgery hawaiian gardens ca,0,7,0%,51.14
dr tally dentist,0,7,0%,56
affordable periodontist near me,0,7,0%,56.14
family dentist los feliz ca,0,7,0%,56.43
deep plane facelift garden grove,0,7,0%,56.57
periodontist oildale ca,0,7,0%,59
braces shafter ca,0,7,0%,59.57
dr frigo,0,7,0%,60.29
dentist los feliz ca,0,7,0%,60.86
invisalign braces in garden city mi,0,7,0%,63.43
digital dentures near me,0,7,0%,69.43
lanap east bay,0,7,0%,69.86
orthodontic success stories california,0,7,0%,70.86
rizvi dental,0,7,0%,73
orthodontist canoga park,0,7,0%,73.71
garden city braces,0,7,0%,77.86
what is major dental coverage,0,7,0%,78.43
dental implants elysian heights ca,0,7,0%,78.71
implant dentist near garden city,0,7,0%,79.71
orthodontist in south gate ca,0,7,0%,84.71
multiple dental implants los feliz,0,7,0%,92.29
gay friendly dentist near me,0,7,0%,92.71
dr youssef oral surgeon,0,6,0%,2.5
veneers garden grove,0,6,0%,4
wisdom teeth removal,0,6,0%,4.17
how do teens benefit from using invisalign over braces?,0,6,0%,6.33
"platinum dental cherry financing volume or ""$800,000"" or dso",0,6,0%,6.5
periodontal therapy garden grove ca,0,6,0%,8.67
what are the differences between dental insurance plans?,0,6,0%,8.83
platinum dental cherry financing volume or partnership,0,6,0%,9.33
"i live in los angeles, ca and i am looking for dental care. can you 
recommend some routine dental exams brands that provide the best payment 
plans? for each brand, give me pros and cons in the context of payment 
plans.",0,6,0%,9.83
"i live in san francisco, ca and i am looking for dental care. can you 
recommend some routine dental exams brands that provide the best payment 
plans? for each brand, give me pros and cons in the context of payment 
plans.",0,6,0%,10.33
dr jose joel manalese,0,6,0%,12
teeth in a day huntington beach,0,6,0%,14.83
dr joseph rubis,0,6,0%,15.67
invisalign seaside ca,0,6,0%,17.17
union dental garden grove,0,6,0%,17.33
what is a dental pick,0,6,0%,17.83
prime dental garden grove,0,6,0%,18
pediatric dentist garden grove ca,0,6,0%,20.5
custom dentures restoration,0,6,0%,23
metal braces near me,0,6,0%,24.67
tmj treatments options,0,6,0%,26.17
dr engy halim,0,6,0%,26.83
dr. philip bomeli,0,6,0%,29.5
which is better a dental plan or dental insurance,0,6,0%,30
youssef sami dds,0,6,0%,30.5
dental high plan vs low plan,0,6,0%,31.17
health insurance vs dental insurance,0,6,0%,32
in network vs out of network dental insurance,0,6,0%,32.83
is dental insurance different from health insurance,0,6,0%,33.17
dean ariaee,0,6,0%,33.83
tan khuu dds,0,6,0%,37.17
periodontist in roseville,0,6,0%,37.67
dr joe vitagliano,0,6,0%,38.83
invisalign vs braces for teenager,0,6,0%,39.83
what is a dental buy up plan,0,6,0%,40.33
ehsan karimian,0,6,0%,44
hoybjerg orthodontics,0,6,0%,44.17
dr gechoff,0,6,0%,44.83
braces orange city,0,6,0%,45.83
periodontist grass valley,0,6,0%,46.67
dr roggi,0,6,0%,48.83
dr filippi modesto ca,0,6,0%,50.17
dr herpy dds,0,6,0%,50.33
flossophy,0,6,0%,52.83
periodontist in marina del rey,0,6,0%,53.33
dr raffi dentist,0,6,0%,53.5
periodontist in 90049,0,6,0%,54.17
dr lotzof,0,6,0%,55.33
jack nagrani dds,0,6,0%,58.33
long beach full mouth dentures,0,6,0%,59.17
dr parisa shahi,0,6,0%,60.33
portalupi orthodontics,0,6,0%,61.5
ceramic braces garden city,0,6,0%,62.83
toolson orthodontics,0,6,0%,63
elevated orthodontics,0,6,0%,64.17
dr ulrich auburn ca,0,6,0%,64.67
dr sam ganji,0,6,0%,66.67
dr lamise kassem,0,6,0%,67.17
dentagrafix,0,6,0%,67.83
teeth whitening dentist,0,6,0%,68.33
gum disease specialist near me,0,6,0%,69.5
dr david zelig,0,6,0%,70.17
dentist alturas,0,6,0%,71.83
oleg drut,0,6,0%,72.67
dr gene gress,0,6,0%,73.17
periodontist east la,0,6,0%,73.17
cosmetic dentist view heights,0,6,0%,73.5
periodontist in sawtelle,0,6,0%,74
orthodontist in canoga park,0,6,0%,79
dentist elysian heights ca,0,6,0%,79.83
dr virjee,0,6,0%,80.5
orthodontist in canoga park',0,6,0%,81.17
emeryville orthodontist,0,6,0%,83.17
stevenson ranch dentist,0,6,0%,84.67
zygomatic implants california,0,6,0%,97.67
painless dentist,0,5,0%,1
orthodontist los alamitos,0,5,0%,3.4
dental offices near me,0,5,0%,5.4
uplift portal,0,5,0%,6.4
cosmetic dentist rossmoor,0,5,0%,7.4
orthodontic near me,0,5,0%,7.8
dentist office near me,0,5,0%,8.2
platinum dental cherry financing volume,0,5,0%,8.2
platinum dental cherry financing volume or dso,0,5,0%,8.4
garden grove orthodontics,0,5,0%,9.4
standalone dental insurance vs bundled dental coverage comparison,0,5,0%,9.8
dr ryan senft,0,5,0%,11.2
dentists,0,5,0%,12
dr rafael dimayuga,0,5,0%,12.4
comparing business dental insurance plans with orthodontic coverage,0,5,0%,12.6
dr thomas wieg,0,5,0%,12.6
patient uplift,0,5,0%,13.4
dr joelle tavitian,0,5,0%,17.6
same day dental implants long beach ca,0,5,0%,18.2
jaw pain los alamitos,0,5,0%,21
periodontal near me,0,5,0%,22
dental difference,0,5,0%,22.6
dental 92843,0,5,0%,22.8
dental payment plans hawaiian gardens ca,0,5,0%,23.4
what is prepaid dental insurance,0,5,0%,25.4
periodontist anaheim,0,5,0%,26.8
dr stephen jarvie,0,5,0%,27.2
dental buy up plan vs base plan,0,5,0%,28.4
dental indemnity plan vs ppo,0,5,0%,28.4
periodontist forest grove,0,5,0%,28.6
dental insurance vs health insurance,0,5,0%,31
dr bennett orthodontist,0,5,0%,31.8
dr. ken schweifler,0,5,0%,34.2
barry israel dds,0,5,0%,34.8
female periodontist willow grove,0,5,0%,35
which dental insurance is better,0,5,0%,35
august de oliveira dds,0,5,0%,35.8
dr woodlief,0,5,0%,36.8
tarek abousheta,0,5,0%,37.8
delta dental enhanced vs standard,0,5,0%,38.4
orthodontics garden city,0,5,0%,39
benjamin pourmorady dds,0,5,0%,40.8
dr dan grauer,0,5,0%,41
peiman soleymani,0,5,0%,41.4
vitalae dental care,0,5,0%,41.4
dr joseph stan,0,5,0%,41.6
medical vs dental insurance,0,5,0%,42.8
dr brent gabriel,0,5,0%,43.2
periodontist vista,0,5,0%,44
delta dental standard vs enhanced,0,5,0%,44.6
media najafi dds,0,5,0%,44.6
lotzof orthodontics,0,5,0%,44.8
periodontist willow grove,0,5,0%,46.2
dental teeth whitening,0,5,0%,46.8
dr felix kalman,0,5,0%,47.2
dental checkups long beach ca,0,5,0%,47.8
dental membership plan or dental insurance,0,5,0%,48.2
dr. talley dentist,0,5,0%,48.2
gum specialist dentist near me,0,5,0%,48.2
anchored dentures california,0,5,0%,48.6
suncoast hearing aids garden grove,0,5,0%,49.8
flossophie dental,0,5,0%,50
periodontics watsonville,0,5,0%,50
garden springs dental,0,5,0%,50.6
dr vitagliano orthodontics,0,5,0%,50.8
"light therapy orthodontist in alhambra, ca",0,5,0%,51.6
dean ramus dds,0,5,0%,52.6
sherman oaks periodontist,0,5,0%,53.2
dr pluckhan,0,5,0%,53.4
local dentist los feliz ca,0,5,0%,53.4
periodontal therapy dana point,0,5,0%,53.4
periodontist that uses aprf,0,5,0%,53.6
dr finegold selma ca,0,5,0%,54.6
dental whitening,0,5,0%,55
dr silegy,0,5,0%,58.2
orthodontist buena park,0,5,0%,59.2
grant mcgann,0,5,0%,60.6
dr garai,0,5,0%,61.2
dental whitening dentist,0,5,0%,62.6
general dentistry incline village,0,5,0%,62.8
pleasant grove dental group and orthodontics,0,5,0%,63.4
dr pedram majbuleh,0,5,0%,63.8
dr grussmark,0,5,0%,64.4
orthodontist shafter ca,0,5,0%,66
barry kami dds,0,5,0%,67
facelift dentures,0,5,0%,67.2
aesthetic periodontal & implant specialist,0,5,0%,69.6
dr biaggi,0,5,0%,69.8
dental implants freedom ca,0,5,0%,70.2
periodontist excepting new patients near me,0,5,0%,70.4
cosmetic teeth whitening,0,5,0%,71.8
dr ruben yelizar,0,5,0%,72.4
dr rodney rastegar,0,5,0%,74
ari rosenblatt dds,0,5,0%,74.6
elevated smiles,0,5,0%,77.8
dr. daft,0,5,0%,78.4
yan kalika,0,5,0%,78.4
benjamin rosales dds,0,5,0%,81.8
"periodontist interlaken, ca",0,5,0%,82.4
dr oleksy,0,5,0%,86.4
dr. giri chelian,0,5,0%,88.4
gynecomastia garden grove,0,5,0%,91.6
all on 4 near me,0,4,0%,1
all on x near me,0,4,0%,1
local invisalign dentist,0,4,0%,1
dr joseph oral surgeon,0,4,0%,3.5
uploft,0,4,0%,4
dental office near me,0,4,0%,6
uplifting,0,4,0%,6
dppo vs ppo dental insurance differences flexible providers,0,4,0%,6.75
"platinum dental cherry financing volume or ""800,000"" or ""$800k""",0,4,0%,6.75
dr. joseph youssef,0,4,0%,7
atx braces vs invisalign teen,0,4,0%,7.75
dental crowns garden grove ca,0,4,0%,8.75
"""denti-cal"" ""cbct"" or ""cone beam"" coverage or benefit",0,4,0%,9
dr ryan haimof,0,4,0%,9.5
"i live in fresno, ca and i am looking for dental care. can you recommend 
some cosmetic dentistry brands that provide the best payment plans? for 
each brand, give me pros and cons in the context of payment plans.",0,4,0%,9.75
cosmetic dentistry garden grove ca,0,4,0%,10
orthrodontist near me,0,4,0%,10
dentists near me,0,4,0%,10.25
oral surgery rossmoor,0,4,0%,10.25
wisdom teeth removal westminster ca,0,4,0%,10.75
dr joseph youssef,0,4,0%,11.25
dr mahtab partovi,0,4,0%,11.25
dental braces near me,0,4,0%,12.25
"what factors should i consider when choosing between dental floss and a 
water flosser?",0,4,0%,12.25
dental certified ehb vs dental,0,4,0%,12.75
dr steven (stefan) pressling,0,4,0%,15.75
dr zuroff orthodontics,0,4,0%,16.75
dr diana zinberg,0,4,0%,17
garden grove invisalign,0,4,0%,17.25
adult braces near me,0,4,0%,18.5
dr sergey mahtesyan,0,4,0%,18.5
"pay-as-you-go dental plans vs traditional dental insurance benefits 
comparison",0,4,0%,18.5
ross sanfilippo dmd,0,4,0%,18.5
dentist plan insurance,0,4,0%,19.25
difference between dental insurance and dental plan,0,4,0%,20.75
invisalign dentists long beach ca,0,4,0%,20.75
tmj treatment los alamitos,0,4,0%,21
dr. juste,0,4,0%,21.25
cosmetic dentist rose garden ca,0,4,0%,23.5
adult orthodontics orange,0,4,0%,23.75
dr arash abolfazlian,0,4,0%,24.5
basic vs major dental care,0,4,0%,24.75
valora legaspi,0,4,0%,25.25
emergency dentist near me,0,4,0%,27
stephen hiroshige dds,0,4,0%,27
different dental insurances,0,4,0%,27.5
different dental insurance,0,4,0%,27.75
periodontist roseville,0,4,0%,28
comprehensive dental vs preventive dental,0,4,0%,29
periodontist services,0,4,0%,29.25
indemnity dental plan vs ppo,0,4,0%,30.5
periodontist for gum disease pomona,0,4,0%,30.75
westminster dental emergencies,0,4,0%,31.25
cracked tooth crown huntington beach ca,0,4,0%,31.5
temporomandibular joint disorder treatment options,0,4,0%,31.5
tmj syndrome treatment options,0,4,0%,31.75
artful orthodontics,0,4,0%,32.75
gum disease treatment cambria,0,4,0%,33
ramin goshtasbi,0,4,0%,34.25
rose garden dental,0,4,0%,34.25
periodontist la crescenta,0,4,0%,35.75
jad elkhoury,0,4,0%,36.5
braces mountain grove,0,4,0%,37.75
dr daniel breha,0,4,0%,37.75
dental high vs low plan,0,4,0%,38.25
gourgen almasi,0,4,0%,38.25
crown lengthening huntington beach,0,4,0%,38.5
mint apple dental,0,4,0%,38.75
braces orange ca,0,4,0%,39
brookbeam dental,0,4,0%,39
dr maruflu,0,4,0%,39
tooth extraction near me,0,4,0%,39.25
fitsmiles orthodontics,0,4,0%,39.5
high vs low dental plan,0,4,0%,39.5
clear aligners garden grove ca,0,4,0%,39.75
stroke victim lampson california orange county,0,4,0%,40.25
eric gothelf,0,4,0%,40.75
delta dental buy up plan vs base plan,0,4,0%,41.25
dr nitin jaggi,0,4,0%,41.75
hmo or ppo dental for invisalign,0,4,0%,42.75
dela rama dental,0,4,0%,43.25
pedram sooferi,0,4,0%,43.5
sergio m lopez dds,0,4,0%,44
hasley canyon dental,0,4,0%,44.25
denture services,0,4,0%,45
90807 dentist,0,4,0%,45.25
phelps and cohen,0,4,0%,45.75
kian farzaneh,0,4,0%,47.25
root canals garden grove ca,0,4,0%,48
sea cliff porcelain veneers,0,4,0%,48.25
periodontist in pomona for implants,0,4,0%,48.75
tarsitano ben dds,0,4,0%,48.75
noland soo,0,4,0%,49
dr fridgen,0,4,0%,49.25
enhanced dental ppo,0,4,0%,49.5
greek dentist,0,4,0%,49.5
periodontal doctor near me,0,4,0%,49.75
periodontal clinic,0,4,0%,50.5
yogi dental,0,4,0%,50.75
dr kamisugi,0,4,0%,51.75
dr zieg,0,4,0%,52.25
fixed dentures pomona,0,4,0%,52.25
amy guthrie dds,0,4,0%,52.5
phelps cohen,0,4,0%,52.75
flossophy dental,0,4,0%,53
oleg drut dds,0,4,0%,53
dr stephen grussmark,0,4,0%,54.25
mashouf orthodontics,0,4,0%,54.25
orthodontist orange city,0,4,0%,54.5
joseph yousefian,0,4,0%,55
best gum specialist hayward,0,4,0%,55.25
fluorapatite vs hydroxyapatite,0,4,0%,55.5
jimmy ngo orthodontist,0,4,0%,56.5
dental checkups long beach,0,4,0%,58
dr. nazila adeli-nadjafi,0,4,0%,58.5
dental restoration los feliz ca,0,4,0%,58.75
dental crowns in union grove wi,0,4,0%,59.25
legaspi dental,0,4,0%,59.5
ramaswamy orthodontics,0,4,0%,59.5
dr herpy,0,4,0%,60.25
hasley canyon dental group and orthodontics,0,4,0%,61.75
dental credit plan,0,4,0%,62
dr tarsitano watsonville,0,4,0%,62.75
legaspi family dental,0,4,0%,63.25
periodontist culver city,0,4,0%,63.75
dr loggi,0,4,0%,65.25
joseph roggi dds,0,4,0%,65.5
cosmetic dentist in long beach,0,4,0%,66.75
periodontist excepting new patients,0,4,0%,67
dr. grussmark,0,4,0%,67.25
best periodontists near me,0,4,0%,67.5
dr ha modesto,0,4,0%,68.75
dr samuel berro,0,4,0%,70.25
dr groy,0,4,0%,70.5
dr lupini,0,4,0%,70.75
dentist near garden city,0,4,0%,71
rose tree dental group,0,4,0%,73
orthodontic care near oak view,0,4,0%,73.5
oral surgeon in lomita,0,4,0%,75.75
orthodontist blue shield of california,0,4,0%,76
dentists in playa del rey,0,4,0%,78.5
gum recession treatment near me,0,4,0%,79
dr dan gustavson,0,4,0%,80
westminster full arch rehabiliation,0,4,0%,80
boyle heights ca dentist,0,4,0%,80.25
vincent liang dds,0,4,0%,82.5
dr brad eli,0,4,0%,83.25
dr proft,0,4,0%,85
pacifica oral surgery,0,4,0%,86
dental insurance roseville,0,4,0%,87
orthodontist in boyle heights,0,4,0%,88.25
dentist near me think oral implants and periodontics,0,4,0%,88.5
root canal brookridge,0,4,0%,88.5
tarik elmohd,0,4,0%,88.5
oral surgery garden city,0,4,0%,91.5
dr. brett kingma,0,4,0%,93
best at-home teeth whitening kit,0,3,0%,1
full mouth reconstruction,0,3,0%,1
teeth in a day near me,0,3,0%,1
braces,0,3,0%,1.33
back tooth,0,3,0%,5.67
implant dentist near me,0,3,0%,6
invisalign treatment seal beach,0,3,0%,6.67
upright dental,0,3,0%,6.67
cheap braces near me,0,3,0%,7.33
emergency dentist rossmoor,0,3,0%,7.33
comprehensive vs basic dental insurance plans which makes more sense,0,3,0%,7.67
invisalign teen vs braces which is faster,0,3,0%,7.67
"platinum dental cherry financing volume or $800,000",0,3,0%,9.33
dentist office,0,3,0%,9.67
orthodontist in westminster,0,3,0%,9.67
garden grove dentistry,0,3,0%,10.33
orthodontic services,0,3,0%,10.33
spring dental near me,0,3,0%,12.67
dr kratofil,0,3,0%,13
dr moisey gulyamov,0,3,0%,13.67
dr jack wasserstein,0,3,0%,14.67
garden grove dental smiles,0,3,0%,14.67
comprehensive dental insurance,0,3,0%,15.33
dr pranatee pattanayak,0,3,0%,17.33
dr robert minoofar,0,3,0%,17.33
dr sadaf mostafavian,0,3,0%,17.33
dr raghavendra olety,0,3,0%,17.67
oral surgery seal beach,0,3,0%,17.67
clarity dentist,0,3,0%,18
dr diane boval,0,3,0%,18
dr gary sigafoos,0,3,0%,18
dr tracey clark,0,3,0%,18
dr george (gurgen) sahakyan,0,3,0%,18.67
dentures smiths grove,0,3,0%,19
dr garo nazarian,0,3,0%,19
dr behzad danesh-panahi,0,3,0%,19.67
dental covers teeth,0,3,0%,20
zoom teeth whitening cypress ca,0,3,0%,20
periodontal care specialist near me,0,3,0%,20.67
preventive dental care for children westminster,0,3,0%,22.33
what are the main types of dental insurance plans?,0,3,0%,22.67
are health and dental insurance the same,0,3,0%,23.33
seth vruggink,0,3,0%,23.67
traditional dental plan,0,3,0%,24.67
illumitrac dental membership,0,3,0%,25.67
richard kunihira,0,3,0%,25.67
upward dental,0,3,0%,25.67
dentist near me garden grove,0,3,0%,26
upright orthodontics,0,3,0%,26.67
teeth cleaning garden grove ca,0,3,0%,28
dr. jeffrey lenius,0,3,0%,28.33
dr lukas pytlik,0,3,0%,28.67
saghi parham,0,3,0%,29.33
is health and dental insurance the same,0,3,0%,29.67
dental insurance in network vs out of network,0,3,0%,30.67
porcelain veneers garden grove ca,0,3,0%,30.67
dr goldensoph,0,3,0%,31
dr lee gold dds,0,3,0%,31.33
citrus grove orthodontics,0,3,0%,32.33
periodontist office,0,3,0%,32.33
dr. joy bonifacio,0,3,0%,33.33
tooth bonding in garden city mi,0,3,0%,33.67
cypress tooth extraction,0,3,0%,34
basic vs major services dental,0,3,0%,34.33
beach heights dentistry,0,3,0%,34.33
dr. praisey yesudas,0,3,0%,34.67
periodontal specialist,0,3,0%,34.67
what are the three main types of dental plans,0,3,0%,35
andrade dental family,0,3,0%,35.67
different types of dental insurance plans,0,3,0%,35.67
dr dean ariaee,0,3,0%,36.33
dr kammerman garden city,0,3,0%,36.67
"gum disease treatment in lawndale, ca",0,3,0%,36.67
dan grauer dds,0,3,0%,37
gum doctors near me,0,3,0%,37
mandana mozayeni orthodontics,0,3,0%,37
is dental insurance different than health insurance,0,3,0%,38
tooth extractions garden grove ca,0,3,0%,38.33
jimmy vu ngo orthodontist,0,3,0%,38.67
tooth extraction long beach ca,0,3,0%,39
kids dentist in belmont shore ca,0,3,0%,39.33
woodfin cabassa,0,3,0%,40
dr gary saltz,0,3,0%,40.33
delta dental ppo enhanced vs standard,0,3,0%,40.67
emergency dental westminster,0,3,0%,40.67
gum disease treatment gridley,0,3,0%,40.67
what is dental buy up plan,0,3,0%,40.67
dental gum specialist,0,3,0%,41
zahrowski orthodontics,0,3,0%,41
dental emergency,0,3,0%,41.33
in office whitening huntington beach ca,0,3,0%,41.33
ryan senft dds,0,3,0%,41.33
dr joseph goth,0,3,0%,41.67
periodontal doctor,0,3,0%,41.67
adept dental shafter,0,3,0%,42
dr uyesugi,0,3,0%,43
lipson dental,0,3,0%,43
buena park teeth whitening,0,3,0%,43.67
dr olivia cajulis,0,3,0%,43.67
dr vertongen,0,3,0%,44.33
long beach tooth implants,0,3,0%,44.33
dr giau tran,0,3,0%,45
dr leif cobain,0,3,0%,45
joseph vitagliano west islip,0,3,0%,45.67
delta dental basic vs enhanced,0,3,0%,46.67
jimmy vu ngo dds,0,3,0%,46.67
emergency dentistry webster groves,0,3,0%,47
dr. lilit bagdasarian,0,3,0%,47.67
brandon thai dds,0,3,0%,48.33
george sepiashvili,0,3,0%,48.67
valora legaspi dds,0,3,0%,48.67
dr cuenin,0,3,0%,49.33
sunlight orthodontics,0,3,0%,49.33
dr kavanagh corona,0,3,0%,50
dr zuroff,0,3,0%,50
dental specialist stevenson ranch,0,3,0%,50.67
dr portugeys,0,3,0%,50.67
dan rosen dds,0,3,0%,51
brigham city dental cleaning,0,3,0%,51.33
groovy dental,0,3,0%,51.33
dr videgain,0,3,0%,53
top-rated dentist hawaiian gardens ca,0,3,0%,53.33
gum specialist,0,3,0%,53.67
pioneers veneers,0,3,0%,55.33
professional dental bleaching,0,3,0%,55.33
trosvig dental,0,3,0%,55.67
freytag orthodontist,0,3,0%,56.33
above the gate dentistry,0,3,0%,57
affordable periodontists near me,0,3,0%,57.33
andre eliasian dds,0,3,0%,57.33
dr gruffi,0,3,0%,57.33
gum grafting specialist near me,0,3,0%,57.33
implant supported dentures marina del rey,0,3,0%,58
liviu gold,0,3,0%,58.33
dr trieu ton,0,3,0%,58.67
phillips ranch dental,0,3,0%,59
denture implants near arden,0,3,0%,59.33
dentures long beach,0,3,0%,59.67