https://d2xsxph8kpxj0f.cloudfront.net/310519663519418507/8XjTa97CZebFmBgqStQiLN	403	application/xml	111
https://d2xsxph8kpxj0f.cloudfront.net/310519663519418507/8XjTa97CZebFmBgqStQiLN/IMG_9486_6f5df7e4.jpeg	200	application/octet-stream	99143
https://d2xsxph8kpxj0f.cloudfront.net/310519663519418507/8XjTa97CZebFmBgqStQiLN/Logo-01_0c8b669d.png	200	application/octet-stream	154735
https://d2xsxph8kpxj0f.cloudfront.net/310519663519418507/8XjTa97CZebFmBgqStQiLN/PATTERN-02_5ffa36bf.jpg	200	application/octet-stream	542068
https://d2xsxph8kpxj0f.cloudfront.net/310519663519418507/8XjTa97CZebFmBgqStQiLN/dental-implant-hero-k3ekVFSZCNDA8fPqPQR8xJ.webp	200	image/webp	73554
https://d2xsxph8kpxj0f.cloudfront.net/310519663519418507/8XjTa97CZebFmBgqStQiLN/dental-implants-xray-o29b5GJ6kDtFez7JQjzyLT.webp	200	image/webp	147970
https://d2xsxph8kpxj0f.cloudfront.net/310519663519418507/8XjTa97CZebFmBgqStQiLN/dental-tech-clean-TzX7DySrWpcEhPpd2VXxTG.webp	200	image/webp	35004
https://d2xsxph8kpxj0f.cloudfront.net/310519663519418507/8XjTa97CZebFmBgqStQiLN/dr-ghobrial-hq_89525d81.jpeg	200	application/octet-stream	99143
https://d2xsxph8kpxj0f.cloudfront.net/310519663519418507/8XjTa97CZebFmBgqStQiLN/dr-saad-periodontist_45f9c7c5.jpg	200	application/octet-stream	236224
https://d2xsxph8kpxj0f.cloudfront.net/310519663519418507/8XjTa97CZebFmBgqStQiLN/dr-schneekluth-labcoat-clean_5cfb4098.png	200	application/octet-stream	162801
https://d2xsxph8kpxj0f.cloudfront.net/310519663519418507/8XjTa97CZebFmBgqStQiLN/dr-stefan-clean_5bc74027.png	200	application/octet-stream	5351640
https://d2xsxph8kpxj0f.cloudfront.net/310519663519418507/8XjTa97CZebFmBgqStQiLN/dr-youssef-clean_da346e41.png	200	application/octet-stream	185594
https://d2xsxph8kpxj0f.cloudfront.net/310519663519418507/8XjTa97CZebFmBgqStQiLN/endodontics-microscope-hx7iwZLLNyvbyySf2aHhfk.webp	200	image/webp	146844
https://d2xsxph8kpxj0f.cloudfront.net/310519663519418507/8XjTa97CZebFmBgqStQiLN/family-dental-TeGJLyZzfqwuRW5gkKNBzm.webp	200	image/webp	214474
https://d2xsxph8kpxj0f.cloudfront.net/310519663519418507/8XjTa97CZebFmBgqStQiLN/family-dental-fixed_12ae74fd.png	200	application/octet-stream	6451458
https://d2xsxph8kpxj0f.cloudfront.net/310519663519418507/8XjTa97CZebFmBgqStQiLN/general-dentistry-clean-LezMDGWkmg46HMXLmdPsth.webp	200	image/webp	122658
https://d2xsxph8kpxj0f.cloudfront.net/310519663519418507/8XjTa97CZebFmBgqStQiLN/hero-smile_47b15f85.jpg	200	application/octet-stream	5319113
https://d2xsxph8kpxj0f.cloudfront.net/310519663519418507/8XjTa97CZebFmBgqStQiLN/invisalign-lifestyle-a4Ab7WZcR277XNEE76tgPU.webp	200	image/webp	100678
https://d2xsxph8kpxj0f.cloudfront.net/310519663519418507/8XjTa97CZebFmBgqStQiLN/invisalign-lifestyle_cd9d5323.jpg	200	application/octet-stream	6107726
https://d2xsxph8kpxj0f.cloudfront.net/310519663519418507/8XjTa97CZebFmBgqStQiLN/logo-og_e9a52b9b.webp	200	application/octet-stream	18874
https://d2xsxph8kpxj0f.cloudfront.net/310519663519418507/8XjTa97CZebFmBgqStQiLN/oral-surgery-consult-Vi4KLsbGvghRt73SdrUprh.webp	200	image/webp	110504
https://d2xsxph8kpxj0f.cloudfront.net/310519663519418507/8XjTa97CZebFmBgqStQiLN/orthodontics-braces-U3K8rtBtyKN8vNF3Qv3diF.webp	200	image/webp	79702
https://d2xsxph8kpxj0f.cloudfront.net/310519663519418507/8XjTa97CZebFmBgqStQiLN/orthodontics-braces-xPjbHnQGVTqFBiS9cKsRzW.webp	403	application/xml	111
https://d2xsxph8kpxj0f.cloudfront.net/310519663519418507/8XjTa97CZebFmBgqStQiLN/periodontics-gums-8yxDptJ86QFDsaVgaCxvDM.webp	200	image/webp	143674
https://d2xsxph8kpxj0f.cloudfront.net/310519663519418507/8XjTa97CZebFmBgqStQiLN/smile-transformation-Wf9zjaGJrezRhcJ4Rfspix.webp	200	image/webp	87460
https://d2xsxph8kpxj0f.cloudfront.net/310519663519418507/8XjTa97CZebFmBgqStQiLN/smile-transformation_82cc164e.jpg	200	application/octet-stream	5198374
https://d2xsxph8kpxj0f.cloudfront.net/310519663519418507/8XjTa97CZebFmBgqStQiLN/teeth-whitening-service-GFdaDu8hrcaxHAdkpU4VSE.webp	200	image/webp	74218
https://d2xsxph8kpxj0f.cloudfront.net/310519663519418507/8XjTa97CZebFmBgqStQiLN/uplift-about-real_a6815637.jpg	200	application/octet-stream	109626
https://d2xsxph8kpxj0f.cloudfront.net/310519663519418507/8XjTa97CZebFmBgqStQiLN/uplift-logo-icon_12b7fb68.png	200	application/octet-stream	120387
https://d2xsxph8kpxj0f.cloudfront.net/310519663519418507/8XjTa97CZebFmBgqStQiLN/uplift-pattern-dark_02e4726d.jpg	200	application/octet-stream	542068
https://d2xsxph8kpxj0f.cloudfront.net/310519663519418507/8XjTa97CZebFmBgqStQiLN/uplift-pattern-light_9d83da07.jpg	200	application/octet-stream	560786
https://d2xsxph8kpxj0f.cloudfront.net/310519663519418507/8XjTa97CZebFmBgqStQiLN/uplift-team-real_80532d53.jpg	200	application/octet-stream	152786
